ID,Relatore
0,Landoni Paolo
1,Antonelli Dario
2,De Marco Alberto
3,Mastrogiacomo Luca
4,Papurello Davide
5,De Marco Alberto
6,Cantamessa Marco
7,Perboli Guido
8,Neirotti Paolo
9,Cantamessa Marco
10,Ughetto Elisa
11,Alfieri Arianna
12,Benfratello Luigi
13,Settineri Luca
14,Benfratello Luigi
15,Benfratello Luigi
16,Maisano Domenico Augusto Francesco
17,Lombardi Franco
18,Cambini Carlo
19,D'Ambrosio Anna
20,Benfratello Luigi
21,Maisano Domenico Augusto Francesco
22,Benfratello Luigi
23,De Marco Alberto
24,Benfratello Luigi
25,Benfratello Luigi
26,Cagliano Anna Corinna
27,Rafele Carlo
28,Rafele Carlo
29,Varetto Franco
30,Cambini Carlo
31,De Marco Alberto
32,Rafele Carlo
33,Guelfi Silvano
34,De Marco Alberto
35,Colombelli Alessandra
36,Landoni Paolo
37,Paolucci Emilio
38,Colombelli Alessandra
39,Caviggioli Federico
40,Cambini Carlo
41,Demichela Micaela
42,Priarone Paolo Claudio
43,Maisano Domenico Augusto Francesco
44,Cambini Carlo
45,Cambini Carlo
46,Landoni Paolo
47,Della Croce Di Dojola Federico
48,Chiabert Paolo
49,Atzeni Eleonora
50,Priarone Paolo Claudio
51,Lombardi Franco
52,Ughetto Elisa
53,Maisano Domenico Augusto Francesco
54,Benfratello Luigi
55,Benfratello Luigi
56,Ughetto Elisa
57,Maisano Domenico Augusto Francesco
58,Landoni Paolo
59,De Marco Alberto
60,Antonelli Dario
61,De Marco Alberto
62,Cagliano Anna Corinna
63,Cagliano Anna Corinna
64,Antonelli Dario
65,Cambini Carlo
66,Paolucci Emilio
67,Abrardi Laura
68,Cambini Carlo
69,Cantamessa Marco
70,Neirotti Paolo
71,Montagna Francesca
72,Benfratello Luigi
73,Ughetto Elisa
74,Cantamessa Marco
75,Benfratello Luigi
76,Perboli Guido
77,Salassa Fabio Guido Mario
78,Cambini Carlo
79,Neirotti Paolo
80,Perboli Guido
81,Calcagno Riccardo
82,Perboli Guido
83,Montagna Francesca
84,Ughetto Elisa
85,Landoni Paolo
86,Ughetto Elisa
87,Perboli Guido
88,De Marco Alberto
89,Cagliano Anna Corinna
90,Abrardi Laura
91,De Marco Alberto
92,De Marco Alberto
93,Cambini Carlo
94,Benfratello Luigi
95,Benfratello Luigi
96,D'Ambrosio Anna
97,Abrardi Laura
98,Cagliano Anna Corinna
99,Ughetto Elisa
100,Ughetto Elisa
101,Franceschini Fiorenzo
102,Norese Maria Franca
103,Cantamessa Marco
104,Laio Francesco
105,Cambini Carlo
106,Perboli Guido
107,Landoni Paolo
108,Maisano Domenico Augusto Francesco
109,Franceschini Fiorenzo
110,Cambini Carlo
111,Ughetto Elisa
112,Maisano Domenico Augusto Francesco
113,Rafele Carlo
114,Cagliero Luca
115,Cantamessa Marco
116,Paolucci Emilio
117,Bruno Giulia
118,Ughetto Elisa
119,Buzzacchi Luigi
120,Osello Anna
121,Cantamessa Marco
122,Cantamessa Marco
123,De Marco Alberto
124,Benfratello Luigi
125,Benfratello Luigi
126,Abrardi Laura
127,Rizzo Alessandro
128,Rondi Laura
129,Montagna Francesca
130,Cantamessa Marco
131,Morisio Maurizio
132,Cagliano Anna Corinna
133,Neirotti Paolo
134,Bruno Giulia
135,Benfratello Luigi
136,Paolucci Emilio
137,Montagna Francesca
138,Landoni Paolo
139,Landoni Paolo
140,Chiabert Paolo
141,De Marco Alberto
142,Cagliano Anna Corinna
143,De Marco Alberto
144,De Marco Alberto
145,Ughetto Elisa
146,Landoni Paolo
147,Landoni Paolo
148,Ughetto Elisa
149,Cerquitelli Tania
150,De Marco Alberto
151,Torchiano Marco
152,Paolucci Emilio
153,Lombardi Franco
154,Cambini Carlo
155,Buzzacchi Luigi
156,Guelfi Silvano
157,Ughetto Elisa
158,Montagna Francesca
159,Landoni Paolo
160,Sassi Guido
161,Iuliano Luca
162,Benfratello Luigi
163,De Marco Alberto
164,Ughetto Elisa
165,Ughetto Elisa
166,Ughetto Elisa
167,Scellato Giuseppe
168,Ughetto Elisa
169,Landoni Paolo
170,Guelfi Silvano
171,Benfratello Luigi
172,Benfratello Luigi
173,D'Ambrosio Anna
174,Benfratello Luigi
175,Benfratello Luigi
176,Benfratello Luigi
177,Perboli Guido
178,Cantamessa Marco
179,Buzzacchi Luigi
180,Ughetto Elisa
181,Scellato Giuseppe
182,De Marco Alberto
183,Mangano Giulio
184,Benfratello Luigi
185,Benfratello Luigi
186,Landoni Paolo
187,Cambini Carlo
188,Iuliano Luca
189,Benfratello Luigi
190,Landoni Paolo
191,Cagliano Anna Corinna
192,Fontana Roberto
193,Ughetto Elisa
194,Buzzacchi Luigi
195,Cambini Carlo
196,Mangano Giulio
197,Franceschini Fiorenzo
198,Rafele Carlo
199,Grinza Elena
200,Paolucci Emilio
201,Cagliano Anna Corinna
202,Mangano Giulio
203,Mangano Giulio
204,De Marco Alberto
205,Colombelli Alessandra
206,Varetto Franco
207,Varetto Franco
208,Varetto Franco
209,Varetto Franco
210,Lamberti Fabrizio
211,Landoni Paolo
212,Ughetto Elisa
213,Ughetto Elisa
214,Lombardi Franco
215,Violante Maria Grazia
216,Cagliano Anna Corinna
217,Landoni Paolo
218,Perboli Guido
219,Lombardi Franco
220,Benfratello Luigi
221,Paolucci Emilio
222,Lombardi Franco
223,Maisano Domenico Augusto Francesco
224,Cantamessa Marco
225,Maisano Domenico Augusto Francesco
226,Perboli Guido
227,Cagliano Anna Corinna
228,Cambini Carlo
229,Cagliano Anna Corinna
230,Settineri Luca
231,Caviggioli Federico
232,Caviggioli Federico
233,Grinza Elena
234,Landoni Paolo
235,Maisano Domenico Augusto Francesco
236,Landoni Paolo
237,Perboli Guido
238,Landoni Paolo
239,Colombelli Alessandra
240,Ughetto Elisa
241,Benfratello Luigi
242,Lombardi Franco
243,Cantamessa Marco
244,Bruno Giulia
245,Cantamessa Marco
246,Colombelli Alessandra
247,Benfratello Luigi
248,Benfratello Luigi
249,Perboli Guido
250,Perboli Guido
251,Perboli Guido
252,Benfratello Luigi
253,Ughetto Elisa
254,Ughetto Elisa
255,Montagna Francesca
256,Priarone Paolo Claudio
257,Bruno Giulia
258,Galetto Maurizio
259,Ughetto Elisa
260,Demagistris Paolo Eugenio
261,Demagistris Paolo Eugenio
262,Ughetto Elisa
263,Maisano Domenico Augusto Francesco
264,Ughetto Elisa
265,Perboli Guido
266,Benfratello Luigi
267,Paolucci Emilio
268,Cantamessa Marco
269,Lombardi Franco
270,Benfratello Luigi
271,Lombardi Franco
272,Guelfi Silvano
273,Landoni Paolo
274,Rafele Carlo
275,Cantamessa Marco
276,Settineri Luca
277,Cerquitelli Tania
278,Ughetto Elisa
279,De Marco Alberto
280,De Marco Alberto
281,Sonetti Giulia
282,Ughetto Elisa
283,Guelfi Silvano
284,Scellato Giuseppe
285,Maisano Domenico Augusto Francesco
286,Chiabert Paolo
287,Lombardi Patrizia
288,Maisano Domenico Augusto Francesco
289,Benfratello Luigi
290,Bazzanella Danilo
291,Cambini Carlo
292,Cantamessa Marco
293,Buzzacchi Luigi
294,Marcolin Federica
295,Abrardi Laura
296,Cagliano Anna Corinna
297,Abrardi Laura
298,Perboli Guido
299,Cambini Carlo
300,Rondi Laura
301,Galetto Maurizio
302,Benfratello Luigi
303,Antonelli Dario
304,Landoni Paolo
305,Cagliano Anna Corinna
306,Landoni Paolo
307,Benfratello Luigi
308,Rafele Carlo
309,Rondi Laura
310,Cagliano Anna Corinna
311,De Marco Alberto
312,Cantamessa Marco
313,Cambini Carlo
314,Colombelli Alessandra
315,Chiabert Paolo
316,Ughetto Elisa
317,Maisano Domenico Augusto Francesco
318,Cambini Carlo
319,Cambini Carlo
320,D'Ambrosio Anna
321,Alfieri Arianna
322,Rafele Carlo
323,Cagliano Anna Corinna
324,Benfratello Luigi
325,Gatteschi Valentina
326,De Marco Alberto
327,Lombardi Franco
328,Benfratello Luigi
329,Maisano Domenico Augusto Francesco
330,Maisano Domenico Augusto Francesco
331,Cambini Carlo
332,Cambini Carlo
333,Colombelli Alessandra
334,Varetto Franco
335,Maisano Domenico Augusto Francesco
336,Calcagno Riccardo
337,Benfratello Luigi
338,Benfratello Luigi
339,Landoni Paolo
340,Buzzacchi Luigi
341,Guelfi Silvano
342,Paolucci Emilio
343,Guelfi Silvano
344,Villa Agostino
345,Cambini Carlo
346,Varetto Franco
347,Cantamessa Marco
348,Lombardi Franco
349,Calcagno Riccardo
350,Cantamessa Marco
351,Maisano Domenico Augusto Francesco
352,De Marco Alberto
353,Sonetti Giulia
354,Maisano Domenico Augusto Francesco
355,Della Croce Di Dojola Federico
356,Landoni Paolo
357,De Marco Alberto
358,Cambini Carlo
359,Demagistris Paolo Eugenio
360,Perboli Guido
361,Calcagno Riccardo
362,Lombardi Franco
363,Benfratello Luigi
364,De Marco Alberto
365,Benfratello Luigi
366,Cagliano Anna Corinna
367,Semeraro Patrizia
368,Mangano Giulio
369,Cantamessa Marco
370,Landoni Paolo
371,Rafele Carlo
372,Cantamessa Marco
373,Bruno Giulia
374,Cagliano Anna Corinna
375,Benfratello Luigi
376,Ughetto Elisa
377,Maisano Domenico Augusto Francesco
378,Calcagno Riccardo
379,Raguseo Elisabetta
380,Demagistris Paolo Eugenio
381,De Marco Alberto
382,Benfratello Luigi
383,Cantamessa Marco
384,Vezzetti Enrico
385,Lombardi Franco
386,Manco' Salvatore
387,De Marco Alberto
388,Varetto Franco
389,De Marco Alberto
390,De Marco Alberto
391,Demagistris Paolo Eugenio
392,Settineri Luca
393,Galetto Maurizio
394,Maisano Domenico Augusto Francesco
395,Cagliano Anna Corinna
396,Cambini Carlo
397,Mangano Giulio
398,Cambini Carlo
399,Della Croce Di Dojola Federico
400,De Marco Alberto
401,De Marco Alberto
402,Cantamessa Marco
403,Cambini Carlo
404,Landoni Paolo
405,Ughetto Elisa
406,Cambini Carlo
407,Sassi Guido
408,Colombelli Alessandra
409,Raguseo Elisabetta
410,Ughetto Elisa
411,De Marco Alberto
412,Buzzacchi Luigi
413,De Marco Alberto
414,Cambini Carlo
415,Perboli Guido
416,Landoni Paolo
417,Landoni Paolo
418,Caviggioli Federico
419,Landoni Paolo
420,Colombelli Alessandra
421,Landoni Paolo
422,Morisio Maurizio
423,Maisano Domenico Augusto Francesco
424,Cantamessa Marco
425,Cagliano Anna Corinna
426,Della Croce Di Dojola Federico
427,Galetto Maurizio
428,Rafele Carlo
429,De Marco Alberto
430,Demartini Claudio Giovanni
431,Ughetto Elisa
432,Ughetto Elisa
433,Benfratello Luigi
434,De Marco Alberto
435,Montagna Francesca
436,Maisano Domenico Augusto Francesco
437,De Marco Alberto
438,Settineri Luca
439,Priarone Paolo Claudio
440,Demartini Claudio Giovanni
441,Ughetto Elisa
442,Landoni Paolo
443,Benfratello Luigi
444,Benfratello Luigi
445,Benfratello Luigi
446,Norese Maria Franca
447,Ughetto Elisa
448,Cantamessa Marco
449,Ughetto Elisa
450,Landoni Paolo
451,Ughetto Elisa
452,Calcagno Riccardo
453,Vezzetti Enrico
454,Neirotti Paolo
455,Vezzetti Enrico
456,Cambini Carlo
457,Ughetto Elisa
458,Benfratello Luigi
459,Cagliano Anna Corinna
460,Landoni Paolo
461,D'Ambrosio Anna
462,Benfratello Luigi
463,Genta Gianfranco
464,Cantamessa Marco
465,Benfratello Luigi
466,Maisano Domenico Augusto Francesco
467,Benfratello Luigi
468,Benfratello Luigi
469,Maisano Domenico Augusto Francesco
470,Mangano Giulio
471,D'Ambrosio Anna
472,Montagna Francesca
473,Villa Agostino
474,Bruno Giulia
475,De Marco Alberto
476,Maisano Domenico Augusto Francesco
477,Maisano Domenico Augusto Francesco
478,Demagistris Paolo Eugenio
479,Benfratello Luigi
480,Perboli Guido
481,D'Ambrosio Anna
482,Benfratello Luigi
483,Benfratello Luigi
484,Benfratello Luigi
485,Colombelli Alessandra
486,Benfratello Luigi
487,Benfratello Luigi
488,Benfratello Luigi
489,Delprete Cristiana
490,Benfratello Luigi
491,Landoni Paolo
492,Cantamessa Marco
493,Cantamessa Marco
494,Cambini Carlo
495,Lombardi Franco
496,Buzzacchi Luigi
497,Zotteri Giulio
498,Iuliano Luca
499,Semeraro Patrizia
500,Caviggioli Federico
501,Benfratello Luigi
502,Cantamessa Marco
503,Maisano Domenico Augusto Francesco
504,Cantamessa Marco
505,Maisano Domenico Augusto Francesco
506,Ughetto Elisa
507,Mangano Giulio
508,Cantamessa Marco
509,Gatteschi Valentina
510,Villa Agostino
511,Landoni Paolo
512,Landoni Paolo
513,Alfieri Arianna
514,Cantamessa Marco
515,De Marco Alberto
516,Sonetti Giulia
517,Guelfi Silvano
518,Montagna Francesca
519,Benfratello Luigi
520,Benfratello Luigi
521,Cagliano Anna Corinna
522,Salassa Fabio Guido Mario
523,Benfratello Luigi
524,Ughetto Elisa
525,Chiabert Paolo
526,Cantamessa Marco
527,Montagna Francesca
528,Benfratello Luigi
529,Benfratello Luigi
530,Colombelli Alessandra
531,Perboli Guido
532,Bruno Giulia
533,Cagliano Anna Corinna
534,Cantamessa Marco
535,Landoni Paolo
536,Landoni Paolo
537,Albertengo Guido
538,Perboli Guido
539,De Marco Alberto
540,Benfratello Luigi
541,Maisano Domenico Augusto Francesco
542,De Marco Alberto
543,Cerquitelli Tania
544,Maisano Domenico Augusto Francesco
545,Cantamessa Marco
546,Benfratello Luigi
547,Villa Agostino
548,De Marco Alberto
549,Benfratello Luigi
550,Priarone Paolo Claudio
551,Rafele Carlo
552,Landoni Paolo
553,Lombardi Franco
554,Maisano Domenico Augusto Francesco
555,Perboli Guido
556,Paolucci Emilio
557,Benfratello Luigi
558,Cagliano Anna Corinna
559,Cerquitelli Tania
560,Cantamessa Marco
561,Neirotti Paolo
562,Landoni Paolo
563,Priarone Paolo Claudio
564,Varetto Franco
565,Paolucci Emilio
566,Paolucci Emilio
567,Ughetto Elisa
568,Demartini Claudio Giovanni
569,Maisano Domenico Augusto Francesco
570,Benfratello Luigi
571,D'Ambrosio Anna
572,Benfratello Luigi
573,Maisano Domenico Augusto Francesco
574,Cantamessa Marco
575,Ughetto Elisa
576,Landoni Paolo
577,Ughetto Elisa
578,D'Ambrosio Anna
579,Cambini Carlo
580,Benfratello Luigi
581,Perboli Guido
582,Violante Maria Grazia
583,Scellato Giuseppe
584,Ughetto Elisa
585,Pronello Cristina
586,Cambini Carlo
587,Ughetto Elisa
588,Maisano Domenico Augusto Francesco
589,Benfratello Luigi
590,Calcagno Riccardo
591,Benfratello Luigi
592,Cambini Carlo
593,Bruno Giulia
594,Scellato Giuseppe
595,Benfratello Luigi
596,Ughetto Elisa
597,De Marco Alberto
598,Landoni Paolo
599,Benfratello Luigi
600,Chiabert Paolo
601,Cambini Carlo
602,Caviggioli Federico
603,Bruno Giulia
604,Cantamessa Marco
605,Ughetto Elisa
606,Perboli Guido
607,Ughetto Elisa
608,Cagliano Anna Corinna
609,Benfratello Luigi
610,Cambini Carlo
611,Paolucci Emilio
612,Maisano Domenico Augusto Francesco
613,Garza Paolo
614,Maisano Domenico Augusto Francesco
615,Demartini Claudio Giovanni
616,Lombardi Franco
617,Cantamessa Marco
618,Cantamessa Marco
619,Maisano Domenico Augusto Francesco
620,Cantamessa Marco
621,Colombelli Alessandra
622,Calcagno Riccardo
623,De Marco Alberto
624,Maisano Domenico Augusto Francesco
625,Salassa Fabio Guido Mario
626,De Marco Alberto
627,Maisano Domenico Augusto Francesco
628,Ughetto Elisa
629,Benfratello Luigi
630,Bruno Giulia
631,Maisano Domenico Augusto Francesco
632,Cagliano Anna Corinna
633,Cantamessa Marco
634,Cagliano Anna Corinna
635,Perboli Guido
636,Maisano Domenico Augusto Francesco
637,Perboli Guido
638,Calcagno Riccardo
639,Galetto Maurizio
640,Galetto Maurizio
641,Cagliano Anna Corinna
642,Maisano Domenico Augusto Francesco
643,Ughetto Elisa
644,Benfratello Luigi
645,Ughetto Elisa
646,De Marco Alberto
647,Cambini Carlo
648,Mangano Giulio
649,Cambini Carlo
650,Rondi Laura
651,Landoni Paolo
652,Demagistris Paolo Eugenio
653,Perboli Guido
654,De Marco Alberto
655,Ughetto Elisa
656,Gatteschi Valentina
657,Salassa Fabio Guido Mario
658,Maisano Domenico Augusto Francesco
659,Rafele Carlo
660,Calcagno Riccardo
661,Maisano Domenico Augusto Francesco
662,Calcagno Riccardo
663,Maisano Domenico Augusto Francesco
664,Landoni Paolo
665,Priarone Paolo Claudio
666,Bracco Giovanni
667,Calcagno Riccardo
668,Landoni Paolo
669,Ughetto Elisa
670,Settineri Luca
671,Sacchi Stefano
672,Cambini Carlo
673,Ughetto Elisa
674,D'Ambrosio Anna
675,Scellato Giuseppe
676,Benfratello Luigi
677,Landoni Paolo
678,Neirotti Paolo
679,Benfratello Luigi
680,Cantamessa Marco
681,Benfratello Luigi
682,De Marco Alberto
683,Alfieri Arianna
684,Landoni Paolo
685,Maisano Domenico Augusto Francesco
686,Landoni Paolo
687,De Marco Alberto
688,Landoni Paolo
689,Salassa Fabio Guido Mario
690,Maisano Domenico Augusto Francesco
691,Paolucci Emilio
692,Priarone Paolo Claudio
693,Ghirardi Marco
694,Benfratello Luigi
695,Benfratello Luigi
696,Benfratello Luigi
697,Perboli Guido
698,Colombelli Alessandra
699,Rafele Carlo
700,Bruno Giulia
701,Montagna Francesca
702,Rondi Laura
703,Cambini Carlo
704,Maisano Domenico Augusto Francesco
705,Cerquitelli Tania
706,Benfratello Luigi
707,Ughetto Elisa
708,Rafele Carlo
709,Mantelero Alessandro
710,Benfratello Luigi
711,Scellato Giuseppe
712,Calcagno Riccardo
713,Landoni Paolo
714,Cagliano Anna Corinna
715,Benfratello Luigi
716,Settineri Luca
717,Genta Gianfranco
718,Demartini Claudio Giovanni
719,De Marco Alberto
720,Cerquitelli Tania
721,Calcagno Riccardo
722,Bracco Giovanni
723,Benfratello Luigi
724,Rafele Carlo
725,Rondi Laura
726,Maisano Domenico Augusto Francesco
727,Spertino Filippo
728,Franceschini Fiorenzo
729,De Marco Alberto
730,Landoni Paolo
731,Rondi Laura
732,Fino Debora
733,Ughetto Elisa
734,Cantamessa Marco
735,Violante Maria Grazia
736,Benfratello Luigi
737,Cantamessa Marco
738,Scellato Giuseppe
739,Varetto Franco
740,Ughetto Elisa
741,Maisano Domenico Augusto Francesco
742,Landoni Paolo
743,Perboli Guido
744,Cantamessa Marco
745,Cerquitelli Tania
746,Semeraro Patrizia
747,Varetto Franco
748,Cambini Carlo
749,Mangano Giulio
750,Ughetto Elisa
751,Benfratello Luigi
752,Lombardi Franco
753,De Marco Alberto
754,Benfratello Luigi
755,Demagistris Paolo Eugenio
756,Ughetto Elisa
757,Montagna Francesca
758,De Marco Alberto
759,Benfratello Luigi
760,Ughetto Elisa
761,Landoni Paolo
762,Villa Agostino
763,Cambini Carlo
764,Benfratello Luigi
765,Neirotti Paolo
766,Cagliano Anna Corinna
767,Della Croce Di Dojola Federico
768,De Marco Alberto
769,Benfratello Luigi
770,De Marco Alberto
771,D'Ambrosio Anna
772,Alfieri Arianna
773,Paolucci Emilio
774,Varetto Franco
775,Chiabert Paolo
776,Benfratello Luigi
777,Priarone Paolo Claudio
778,Maisano Domenico Augusto Francesco
779,Cagliano Anna Corinna
780,Demagistris Paolo Eugenio
781,Demagistris Paolo Eugenio
782,Lombardi Patrizia
783,Cambini Carlo
784,Benfratello Luigi
785,Benfratello Luigi
786,Calcagno Riccardo
787,Ughetto Elisa
788,Landoni Paolo
789,Landoni Paolo
790,Landoni Paolo
791,Buzzacchi Luigi
792,Cantamessa Marco
793,Montagna Francesca
794,Maisano Domenico Augusto Francesco
795,Benfratello Luigi
796,Benfratello Luigi
797,Cambini Carlo
798,Priarone Paolo Claudio
799,Franceschini Fiorenzo
800,Marcolin Federica
801,Perboli Guido
802,Cantamessa Marco
803,Rafele Carlo
804,Landoni Paolo
805,Varetto Franco
806,Cantamessa Marco
807,Ughetto Elisa
808,Cagliano Anna Corinna
809,Demartini Claudio Giovanni
810,Chiabert Paolo
811,Villa Agostino
812,Cambini Carlo
813,Buzzacchi Luigi
814,Cambini Carlo
815,Cambini Carlo
816,Benfratello Luigi
817,Cambini Carlo
818,Cambini Carlo
819,Caviggioli Federico
820,Ughetto Elisa
821,Benfratello Luigi
822,Buzzacchi Luigi
823,Cagliano Anna Corinna
824,Colombelli Alessandra
825,Priarone Paolo Claudio
826,Benfratello Luigi
827,De Marco Alberto
828,Settineri Luca
829,Priarone Paolo Claudio
830,Caviggioli Federico
831,Caviggioli Federico
832,Colombelli Alessandra
833,Mantelero Alessandro
834,Mantelero Alessandro
835,Calcagno Riccardo
836,Salassa Fabio Guido Mario
837,De Marco Alberto
838,Scellato Giuseppe
839,De Marco Alberto
840,Maisano Domenico Augusto Francesco
841,Cambini Carlo
842,Cagliano Anna Corinna
843,Ughetto Elisa
844,Benfratello Luigi
845,Benfratello Luigi
846,Ughetto Elisa
847,Benfratello Luigi
848,Benfratello Luigi
849,D'Ambrosio Anna
850,Benfratello Luigi
851,Guelfi Silvano
852,Perboli Guido
853,Benfratello Luigi
854,Benfratello Luigi
855,Ughetto Elisa
856,Violante Maria Grazia
857,Rafele Carlo
858,Priarone Paolo Claudio
859,Cagliano Anna Corinna
860,Cambini Carlo
861,Paolucci Emilio
862,Rafele Carlo
863,Colombelli Alessandra
864,Cambini Carlo
865,Alfieri Arianna
866,Varetto Franco
867,Cambini Carlo
868,Rondi Laura
869,Scellato Giuseppe
870,Landoni Paolo
871,Varetto Franco
872,Colombelli Alessandra
873,Montagna Francesca
874,De Marco Alberto
875,Rondi Laura
876,D'Ambrosio Anna
877,Cagliano Anna Corinna
878,Cambini Carlo
879,Paolucci Emilio
880,Ughetto Elisa
881,Montagna Francesca
882,Cambini Carlo
883,Varetto Franco
884,Grinza Elena
885,Ughetto Elisa
886,Cambini Carlo
887,Rafele Carlo
888,Cambini Carlo
889,Cerquitelli Tania
890,Corno Fulvio
891,Galetto Maurizio
892,Perboli Guido
893,Paolucci Emilio
894,Cambini Carlo
895,Chiabert Paolo
896,Paolucci Emilio
897,Ughetto Elisa
898,Mangano Giulio
899,De Marco Alberto
900,Buzzacchi Luigi
901,Cantamessa Marco
902,Cagliano Anna Corinna
903,Cambini Carlo
904,Lombardi Franco
905,Cambini Carlo
906,Buzzacchi Luigi
907,Paolucci Emilio
908,Paolucci Emilio
909,Rondi Laura
910,Cambini Carlo
911,Cambini Carlo
912,Cambini Carlo
913,Cagliano Anna Corinna
914,Cambini Carlo
915,Cambini Carlo
916,Varetto Franco
917,Rondi Laura
918,Montagna Francesca
919,Cagliano Anna Corinna
920,Galetto Maurizio
921,Cantamessa Marco
922,Paolucci Emilio
923,Buzzacchi Luigi
924,Montagna Francesca
925,Cambini Carlo
926,Franceschini Fiorenzo
927,Ghirardi Marco
928,Montagna Francesca
929,Cambini Carlo
930,Colombelli Alessandra
931,Paolucci Emilio
932,Scellato Giuseppe
933,Cagliano Anna Corinna
934,Bruno Giulia
935,Buzzacchi Luigi
936,Galetto Maurizio
937,Cambini Carlo
938,Buzzacchi Luigi
939,Rondi Laura
940,Cagliano Anna Corinna
941,Rondi Laura
942,Cantamessa Marco
943,Mangano Giulio
944,Perboli Guido
945,Cagliano Anna Corinna
946,Cambini Carlo
947,Rondi Laura
948,Mangano Giulio
949,D'Ambrosio Anna
950,Calignano Flaviana
951,Franceschini Fiorenzo
952,Cambini Carlo
953,Cambini Carlo
954,Cambini Carlo
955,Rondi Laura
956,Perboli Guido
957,Cagliano Anna Corinna
958,Cantamessa Marco
959,Rondi Laura
960,Paolucci Emilio
961,Paolucci Emilio
962,Paolucci Emilio
963,Cagliano Anna Corinna
964,Landoni Paolo
965,Varetto Franco
966,Cambini Carlo
967,Cambini Carlo
968,Scellato Giuseppe
969,Montagna Francesca
970,Cantamessa Marco
971,Rafele Carlo
972,Rafele Carlo
973,Abrardi Laura
974,Abrardi Laura
975,Benfratello Luigi
976,Rondi Laura
977,Varetto Franco
978,Varetto Franco
979,Benfratello Luigi
980,Cambini Carlo
981,Rondi Laura
982,Paolucci Emilio
983,Rafele Carlo
984,Cambini Carlo
985,Cambini Carlo
986,Caviggioli Federico
987,Gatteschi Valentina
988,Grinza Elena
989,Paolucci Emilio
990,Varetto Franco
991,Rafele Carlo
992,Priarone Paolo Claudio
993,Buzzacchi Luigi
994,Cantamessa Marco
995,Galetto Maurizio
996,Caviggioli Federico
997,Paolucci Emilio
998,Sacchi Stefano
999,Landoni Paolo
1000,Paolucci Emilio
1001,Varetto Franco
1002,Cambini Carlo
1003,Caviggioli Federico
1004,Benfratello Luigi
1005,Cagliano Anna Corinna
1006,Settineri Luca
1007,Maisano Domenico Augusto Francesco
1008,Carbone Anna Filomena
1009,Cantamessa Marco
1010,Rafele Carlo
1011,Landoni Paolo
1012,Scellato Giuseppe
1013,Cambini Carlo
1014,Benfratello Luigi
1015,Colombelli Alessandra
1016,Cerquitelli Tania
1017,Varetto Franco
1018,Varetto Franco
1019,Rafele Carlo
1020,Paolucci Emilio
1021,Cambini Carlo
1022,Paolucci Emilio
1023,Varetto Franco
1024,De Marco Alberto
1025,Cambini Carlo
1026,Cambini Carlo
1027,Cagliano Anna Corinna
1028,Grinza Elena
1029,Cambini Carlo
1030,Rondi Laura
1031,Rondi Laura
1032,Galetto Maurizio
1033,Cambini Carlo
1034,Rondi Laura
1035,Cambini Carlo
1036,Caviggioli Federico
1037,Guelfi Silvano
1038,Rafele Carlo
1039,Mangano Giulio
1040,Varetto Franco
1041,Alfieri Arianna
1042,Mangano Giulio
1043,Caviggioli Federico
1044,Rafele Carlo
1045,Settineri Luca
1046,Marcolin Federica
1047,Neirotti Paolo
1048,Lombardi Franco
1049,Maisano Domenico Augusto Francesco
1050,Grimaldi Sabrina
1051,Cambini Carlo
1052,Priarone Paolo Claudio
1053,Varetto Franco
1054,De Marco Alberto
1055,Cambini Carlo
1056,De Marco Alberto
1057,Varetto Franco
1058,Ughetto Elisa
1059,Cambini Carlo
1060,Cambini Carlo
1061,Paolucci Emilio
1062,Buzzacchi Luigi
1063,Perboli Guido
1064,Perboli Guido
1065,Scellato Giuseppe
1066,Rafele Carlo
1067,Cambini Carlo
1068,Galetto Maurizio
1069,Rafele Carlo
1070,Fagnani Fabio
1071,Montagna Francesca
1072,Varetto Franco
1073,Scellato Giuseppe
1074,Scellato Giuseppe
1075,Cambini Carlo
1076,Cantamessa Marco
1077,Scellato Giuseppe
1078,Caviggioli Federico
1079,Cantamessa Marco
1080,Colombelli Alessandra
1081,Paolucci Emilio
1082,Landoni Paolo
1083,Rafele Carlo
1084,Paolucci Emilio
1085,Priarone Paolo Claudio
1086,Clerico Marina
1087,Rondi Laura
1088,Buzzacchi Luigi
1089,Cagliano Anna Corinna
1090,Cantamessa Marco
1091,Iuliano Luca
1092,Ughetto Elisa
1093,Cambini Carlo
1094,Rondi Laura
1095,Norese Maria Franca
1096,Sacchi Stefano
1097,Buzzacchi Luigi
1098,Benfratello Luigi
1099,Colombelli Alessandra
1100,Scellato Giuseppe
1101,Montagna Francesca
1102,Varetto Franco
1103,Cantamessa Marco
1104,Cambini Carlo
1105,Abrardi Laura
1106,Gatteschi Valentina
1107,Varetto Franco
1108,Buzzacchi Luigi
1109,Paolucci Emilio
1110,Colombelli Alessandra
1111,Cantamessa Marco
1112,Cagliano Anna Corinna
1113,Cambini Carlo
1114,Rafele Carlo
1115,Cantamessa Marco
1116,Rondi Laura
1117,Rondi Laura
1118,Paolucci Emilio
1119,Cambini Carlo
1120,Calcagno Riccardo
1121,Galetto Maurizio
1122,Villa Agostino
1123,Torchiano Marco
1124,Landoni Paolo
1125,Rondi Laura
1126,Rondi Laura
1127,Rondi Laura
1128,Colombelli Alessandra
1129,Cambini Carlo
1130,Guelfi Silvano
1131,Villa Agostino
1132,Settineri Luca
1133,Raguseo Elisabetta
1134,Colombelli Alessandra
1135,Carlin Antonio
1136,Cagliano Anna Corinna
1137,Galetto Maurizio
1138,Montagna Francesca
1139,Paolucci Emilio
1140,Maisano Domenico Augusto Francesco
1141,Benfratello Luigi
1142,Rafele Carlo
1143,Landoni Paolo
1144,Scellato Giuseppe
1145,Rondi Laura
1146,Cambini Carlo
1147,Benfratello Luigi
1148,Colombelli Alessandra
1149,Landoni Paolo
1150,Buzzacchi Luigi
1151,Franceschini Fiorenzo
1152,Varetto Franco
1153,Sarale Marcella
1154,Cantamessa Marco
1155,Bruno Giulia
1156,De Marco Alberto
1157,Galetto Maurizio
1158,Rondi Laura
1159,Rondi Laura
1160,Cantamessa Marco
1161,Buzzacchi Luigi
1162,Dalla Chiara Bruno
1163,Paolucci Emilio
1164,Cambini Carlo
1165,Cambini Carlo
1166,Rondi Laura
1167,Buzzacchi Luigi
1168,Calignano Flaviana
1169,Calcagno Riccardo
1170,Cantamessa Marco
1171,Varetto Franco
1172,Rondi Laura
1173,Cambini Carlo
1174,Varetto Franco
1175,Landoni Paolo
1176,Cambini Carlo
1177,Cantamessa Marco
1178,Galetto Maurizio
1179,Rafele Carlo
1180,Mastrogiacomo Luca
1181,Galetto Maurizio
1182,Rafele Carlo
1183,Cambini Carlo
1184,Buzzacchi Luigi
1185,Rafele Carlo
1186,Scellato Giuseppe
1187,Cambini Carlo
1188,Guelfi Silvano
1189,Paolucci Emilio
1190,Cantamessa Marco
1191,Landoni Paolo
1192,Varetto Franco
1193,Rafele Carlo
1194,Perboli Guido
1195,Minetola Paolo
1196,Cambini Carlo
1197,Montagna Francesca
1198,Cantamessa Marco
1199,Paolucci Emilio
1200,Cambini Carlo
1201,Paolucci Emilio
1202,De Marco Alberto
1203,Varetto Franco
1204,Colombelli Alessandra
1205,Varetto Franco
1206,Abrardi Laura
1207,Cagliano Anna Corinna
1208,Landoni Paolo
1209,De Marco Alberto
1210,Galetto Maurizio
1211,Cambini Carlo
1212,Buzzacchi Luigi
1213,Cambini Carlo
1214,Cambini Carlo
1215,Paolucci Emilio
1216,Rondi Laura
1217,Zenezini Giovanni
1218,Franceschini Fiorenzo
1219,Caviggioli Federico
1220,Cambini Carlo
1221,Cambini Carlo
1222,Paolucci Emilio
1223,Paolucci Emilio
1224,Settineri Luca
1225,Varetto Franco
1226,Cambini Carlo
1227,Varetto Franco
1228,Calcagno Riccardo
1229,Raguseo Elisabetta
1230,Paolucci Emilio
1231,Rafele Carlo
1232,Calignano Flaviana
1233,Cagliano Anna Corinna
1234,Rondi Laura
1235,De Marco Alberto
1236,Lombardi Franco
1237,Calcagno Riccardo
1238,Grinza Elena
1239,Zenezini Giovanni
1240,Landoni Paolo
1241,Raguseo Elisabetta
1242,Abrardi Laura
1243,Cagliano Anna Corinna
1244,Mangano Giulio
1245,Abrardi Laura
1246,Paolucci Emilio
1247,Buzzacchi Luigi
1248,Cambini Carlo
1249,Cantamessa Marco
1250,Galetto Maurizio
1251,Rafele Carlo
1252,Buzzacchi Luigi
1253,Buzzacchi Luigi
1254,Demartini Claudio Giovanni
1255,Varetto Franco
1256,Colombelli Alessandra
1257,Rafele Carlo
1258,Paolucci Emilio
1259,Varetto Franco
1260,Norese Maria Franca
1261,Ardito Luca
1262,Cambini Carlo
1263,Perboli Guido
1264,Caviggioli Federico
1265,Rondi Laura
1266,Varetto Franco
1267,Grinza Elena
1268,Grinza Elena
1269,Varetto Franco
1270,Cambini Carlo
1271,Raguseo Elisabetta
1272,Cambini Carlo
1273,Rondi Laura
1274,Rondi Laura
1275,Paolucci Emilio
1276,Varetto Franco
1277,Scellato Giuseppe
1278,Varetto Franco
1279,Colombelli Alessandra
1280,Cambini Carlo
1281,Abrardi Laura
1282,Caballini Claudia
1283,Cambini Carlo
1284,Guelfi Silvano
1285,Buzzacchi Luigi
1286,Galetto Maurizio
1287,Benfratello Luigi
1288,Montagna Francesca
1289,Cagliano Anna Corinna
1290,Colombelli Alessandra
1291,Cambini Carlo
1292,Rondi Laura
1293,Ghirardi Marco
1294,De Marco Alberto
1295,Caviggioli Federico
1296,Rondi Laura
1297,Benfratello Luigi
1298,Lombardi Franco
1299,Torchiano Marco
1300,Franceschini Fiorenzo
1301,Rondi Laura
1302,Caviggioli Federico
1303,Franceschini Fiorenzo
1304,Franceschini Fiorenzo
1305,Buzzacchi Luigi
1306,De Marco Alberto
1307,Cagliano Anna Corinna
1308,Maggiore Paolo
1309,Caviggioli Federico
1310,Cagliano Anna Corinna
1311,Scellato Giuseppe
1312,Scellato Giuseppe
1313,Zotteri Giulio
1314,Rondi Laura
1315,Cagliano Anna Corinna
1316,Paolucci Emilio
1317,Varetto Franco
1318,Abrardi Laura
1319,Galetto Maurizio
1320,Rondi Laura
1321,De Marco Alberto
1322,Galetto Maurizio
1323,Priarone Paolo Claudio
1324,Galetto Maurizio
1325,Cagliano Anna Corinna
1326,Cambini Carlo
1327,Paolucci Emilio
1328,Corno Fulvio
1329,Scellato Giuseppe
1330,Buzzacchi Luigi
1331,Buzzacchi Luigi
1332,Grimaldi Sabrina
1333,Cagliano Anna Corinna
1334,Galetto Maurizio
1335,Rafele Carlo
1336,Rafele Carlo
1337,De Marco Alberto
1338,Priarone Paolo Claudio
1339,Demartini Claudio Giovanni
1340,Cagliano Anna Corinna
1341,Caviggioli Federico
1342,Cagliano Anna Corinna
1343,Galetto Maurizio
1344,De Marco Alberto
1345,Landoni Paolo
1346,Antonelli Dario
1347,Giaccone Paolo
1348,Franceschini Fiorenzo
1349,Rafele Carlo
1350,Cagliano Anna Corinna
1351,Cagliano Anna Corinna
1352,Cagliano Anna Corinna
1353,Colombelli Alessandra
1354,Buzzacchi Luigi
1355,Rondi Laura
1356,Perboli Guido
1357,Cantamessa Marco
1358,Piglione Federico
1359,Landoni Paolo
1360,Corno Fulvio
1361,Galetto Maurizio
1362,Rondi Laura
1363,Rondi Laura
1364,Montagna Francesca
1365,Paolucci Emilio
1366,Cagliano Anna Corinna
1367,Cambini Carlo
1368,Caviggioli Federico
1369,Manco' Salvatore
1370,Manco' Salvatore
1371,Cambini Carlo
1372,Buzzacchi Luigi
1373,Salassa Fabio Guido Mario
1374,Varetto Franco
1375,Abrardi Laura
1376,Savoldi Laura
1377,Franceschini Fiorenzo
1378,Delprete Cristiana
1379,Paolucci Emilio
1380,Landoni Paolo
1381,Abrardi Laura
1382,Cerquitelli Tania
1383,Cagliano Anna Corinna
1384,De Marco Alberto
1385,Scellato Giuseppe
1386,Cagliano Anna Corinna
1387,Cagliano Anna Corinna
1388,Varetto Franco
1389,Galetto Maurizio
1390,Cagliano Anna Corinna
1391,Paolucci Emilio
1392,Buzzacchi Luigi
1393,Cambini Carlo
1394,Caviggioli Federico
1395,Varetto Franco
1396,Colombelli Alessandra
1397,Settineri Luca
1398,Caviggioli Federico
1399,Iuliano Luca
1400,Cantamessa Marco
1401,Varetto Franco
1402,Paolucci Emilio
1403,Mangano Giulio
1404,Ganora Daniele
1405,Cambini Carlo
1406,Rondi Laura
1407,Caviggioli Federico
1408,Guelfi Silvano
1409,Buzzacchi Luigi
1410,Rondi Laura
1411,Cambini Carlo
1412,Montagna Francesca
1413,Rafele Carlo
1414,Montagna Francesca
1415,Antonelli Dario
1416,De Marco Alberto
1417,D'Ambrosio Anna
1418,Varetto Franco
1419,Genta Gianfranco
1420,Varetto Franco
1421,Vezzetti Enrico
1422,D'Ambrosio Anna
1423,Demartini Claudio Giovanni
1424,Vezzetti Enrico
1425,Scellato Giuseppe
1426,Rondi Laura
1427,Zotteri Giulio
1428,Benfratello Luigi
1429,Zenezini Giovanni
1430,Rafele Carlo
1431,Carlin Antonio
1432,Bruno Giulia
1433,Cambini Carlo
1434,Carlin Antonio
1435,Cagliano Anna Corinna
1436,Cambini Carlo
1437,Varetto Franco
1438,Varetto Franco
1439,Perboli Guido
1440,Montagna Francesca
1441,Cantamessa Marco
1442,Scellato Giuseppe
1443,Rondi Laura
1444,Paolucci Emilio
1445,Landoni Paolo
1446,Paolucci Emilio
1447,Buzzacchi Luigi
1448,Corno Fulvio
1449,Cantamessa Marco
1450,Buzzacchi Luigi
1451,Varetto Franco
1452,Landoni Paolo
1453,Ughetto Elisa
1454,Rondi Laura
1455,Rafele Carlo
1456,Rafele Carlo
1457,Rondi Laura
1458,Demartini Claudio Giovanni
1459,Buzzacchi Luigi
1460,Cerquitelli Tania
1461,Cagliano Anna Corinna
1462,Rondi Laura
1463,Varetto Franco
1464,Landoni Paolo
1465,De Marco Alberto
1466,Alfieri Arianna
1467,Guelfi Silvano
1468,Varetto Franco
1469,Norese Maria Franca
1470,Lombardi Franco
1471,Paolucci Emilio
1472,Cambini Carlo
1473,Montagna Francesca
1474,Cerquitelli Tania
1475,Scellato Giuseppe
1476,Guelfi Silvano
1477,Rafele Carlo
1478,Varetto Franco
1479,Villa Agostino
1480,Priarone Paolo Claudio
1481,Zotteri Giulio
1482,Paolucci Emilio
1483,Rafele Carlo
1484,Galetto Maurizio
1485,Cerquitelli Tania
1486,Cerquitelli Tania
1487,Maisano Domenico Augusto Francesco
1488,Farinetti Laura
1489,Farinetti Laura
1490,Scellato Giuseppe
1491,De Marco Alberto
1492,De Marco Alberto
1493,Mangano Giulio
1494,Montagna Francesca
1495,Raguseo Elisabetta
1496,Ughetto Elisa
1497,Galetto Maurizio
1498,Cantamessa Marco
1499,Galetto Maurizio
1500,Galetto Maurizio
1501,Neirotti Paolo
1502,Rafele Carlo
1503,Varetto Franco
1504,Della Croce Di Dojola Federico
1505,Cantamessa Marco
1506,Cantamessa Marco
1507,Cambini Carlo
1508,Mangano Giulio
1509,Franceschini Fiorenzo
1510,Franceschini Fiorenzo
1511,Cambini Carlo
1512,Franceschini Fiorenzo
1513,Franceschini Fiorenzo
1514,Paolucci Emilio
1515,Manco' Salvatore
1516,Garza Paolo
1517,De Marco Alberto
1518,Farinetti Laura
1519,Cagliano Anna Corinna
1520,Scellato Giuseppe
1521,Villa Agostino
1522,Villa Agostino
1523,Cagliano Anna Corinna
1524,Varetto Franco
1525,Galetto Maurizio
1526,Chiusano Silvia Anna
1527,Chiusano Silvia Anna
1528,Chiusano Silvia Anna
1529,Rafele Carlo
1530,Maisano Domenico Augusto Francesco
1531,Benfratello Luigi
1532,Benfratello Luigi
1533,D'Ambrosio Anna
1534,Cerquitelli Tania
1535,Franceschini Fiorenzo
1536,Varetto Franco
1537,De Marco Alberto
1538,Franceschini Fiorenzo
1539,Cagliano Anna Corinna
1540,Paolucci Emilio
1541,Landoni Paolo
1542,Mangano Giulio
1543,Varetto Franco
1544,Bruno Giulia
1545,Rondi Laura
1546,Mangano Giulio
1547,Chiabert Paolo
1548,Priarone Paolo Claudio
1549,Varetto Franco
1550,Cagliano Anna Corinna
1551,Neirotti Paolo
1552,Franceschini Fiorenzo
1553,Scellato Giuseppe
1554,Cagliano Anna Corinna
1555,Cagliano Anna Corinna
1556,Cambini Carlo
1557,Rondi Laura
1558,Cagliano Anna Corinna
1559,Chiabert Paolo
1560,Colombelli Alessandra
1561,Paolucci Emilio
1562,Varetto Franco
1563,Cerquitelli Tania
1564,Demichela Micaela
1565,Franceschini Fiorenzo
1566,Rondi Laura
1567,Cagliano Anna Corinna
1568,Paolucci Emilio
1569,Carbone Anna Filomena
1570,Cagliero Luca
1571,Benfratello Luigi
1572,Buzzacchi Luigi
1573,Rondi Laura
1574,Cambini Carlo
1575,Cantamessa Marco
1576,Cantamessa Marco
1577,Montagna Francesca
1578,Sesana Raffaella
1579,Galetto Maurizio
1580,Cambini Carlo
1581,Scellato Giuseppe
1582,Buzzacchi Luigi
1583,Galetto Maurizio
1584,Guelfi Silvano
1585,Perboli Guido
1586,Abrardi Laura
1587,Buzzacchi Luigi
1588,Mangano Giulio
1589,Varetto Franco
1590,Scellato Giuseppe
1591,Varetto Franco
1592,Rafele Carlo
1593,Buzzacchi Luigi
1594,Montagna Francesca
1595,Paolucci Emilio
1596,Cerquitelli Tania
1597,Cagliano Anna Corinna
1598,Montagna Francesca
1599,Rondi Laura
1600,Raguseo Elisabetta
1601,Buzzacchi Luigi
1602,Rafele Carlo
1603,Franceschini Fiorenzo
1604,Lombardi Franco
1605,Varetto Franco
1606,Galetto Maurizio
1607,Rondi Laura
1608,Buzzacchi Luigi
1609,De Marco Alberto
1610,Cantamessa Marco
1611,Paolucci Emilio
1612,Varetto Franco
1613,Benfratello Luigi
1614,Varetto Franco
1615,Mastrogiacomo Luca
1616,Cantamessa Marco
1617,Galetto Maurizio
1618,Buzzacchi Luigi
1619,Buzzacchi Luigi
1620,Galetto Maurizio
1621,Cantamessa Marco
1622,Dalla Chiara Bruno
1623,Scellato Giuseppe
1624,Rafele Carlo
1625,Varetto Franco
1626,Paolucci Emilio
1627,Montagna Francesca
1628,Montagna Francesca
1629,Montagna Francesca
1630,Cagliano Anna Corinna
1631,Cagliano Anna Corinna
1632,Colombelli Alessandra
1633,Buzzacchi Luigi
1634,Caviggioli Federico
1635,Paolucci Emilio
1636,Galetto Maurizio
1637,Scellato Giuseppe
1638,Landoni Paolo
1639,Minetola Paolo
1640,Landoni Paolo
1641,Rondi Laura
1642,Cambini Carlo
1643,Zenezini Giovanni
1644,Settineri Luca
1645,Colombelli Alessandra
1646,Colombelli Alessandra
1647,Cantamessa Marco
1648,Cagliano Anna Corinna
1649,Buzzacchi Luigi
1650,Monaci Sara
1651,De Marco Alberto
1652,De Marco Alberto
1653,Cambini Carlo
1654,Ardito Luca
1655,Cagliano Anna Corinna
1656,Gatteschi Valentina
1657,Cambini Carlo
1658,Cambini Carlo
1659,Perboli Guido
1660,Colombelli Alessandra
1661,Cerquitelli Tania
1662,Caballini Claudia
1663,Montagna Francesca
1664,Settineri Luca
1665,Perboli Guido
1666,Varetto Franco
1667,Franceschini Fiorenzo
1668,Buzzacchi Luigi
1669,Paolucci Emilio
1670,Varetto Franco
1671,Cerquitelli Tania
1672,Montagna Francesca
1673,Buzzacchi Luigi
1674,Mangano Giulio
1675,Paolucci Emilio
1676,Rafele Carlo
1677,Bruno Giulia
1678,Rondi Laura
1679,Buzzacchi Luigi
1680,Cantamessa Marco
1681,Gatteschi Valentina
1682,De Marco Alberto
1683,Bruno Giulia
1684,Paolucci Emilio
1685,Landoni Paolo
1686,Cambini Carlo
1687,Settineri Luca
1688,Corno Fulvio
1689,Galetto Maurizio
1690,Alfieri Arianna
1691,Lombardi Franco
1692,Franceschini Fiorenzo
1693,Neirotti Paolo
1694,Rafele Carlo
1695,Rondi Laura
1696,Paolucci Emilio
1697,Mangano Giulio
1698,Galetto Maurizio
1699,Dalla Chiara Bruno
1700,Cerquitelli Tania
1701,Bruno Giulia
1702,Settineri Luca
1703,Cambini Carlo
1704,Varetto Franco
1705,Varetto Franco
1706,Cerquitelli Tania
1707,Paolucci Emilio
1708,Paolucci Emilio
1709,Abrardi Laura
1710,Varetto Franco
1711,Scellato Giuseppe
1712,Franceschini Fiorenzo
1713,Varetto Franco
1714,Cagliano Anna Corinna
1715,Rondi Laura
1716,Lamberti Fabrizio
1717,Rafele Carlo
1718,Genta Gianfranco
1719,Rondi Laura
1720,Torchiano Marco
1721,Buzzacchi Luigi
1722,Perboli Guido
1723,Varetto Franco
1724,Cambini Carlo
1725,Colombelli Alessandra
1726,Scellato Giuseppe
1727,De Marco Alberto
1728,Cagliano Anna Corinna
1729,Settineri Luca
1730,Varetto Franco
1731,Varetto Franco
1732,Perboli Guido
1733,Colombelli Alessandra
1734,Zenezini Giovanni
1735,Rafele Carlo
1736,De Marco Alberto
1737,Rafele Carlo
1738,Rondi Laura
1739,Galetto Maurizio
1740,Rondi Laura
1741,Cantamessa Marco
1742,Lombardi Franco
1743,Bruno Giulia
1744,Galetto Maurizio
1745,Bruno Giulia
1746,Demartini Claudio Giovanni
1747,Cagliano Anna Corinna
1748,De Marco Alberto
1749,Franceschini Fiorenzo
1750,Abrardi Laura
1751,De Marco Alberto
1752,Colombelli Alessandra
1753,Varetto Franco
1754,Ughetto Elisa
1755,Scellato Giuseppe
1756,Priarone Paolo Claudio
1757,Buzzacchi Luigi
1758,Cambini Carlo
1759,Franceschini Fiorenzo
1760,Mangano Giulio
1761,Franceschini Fiorenzo
1762,Cagliano Anna Corinna
1763,Bruno Giulia
1764,Scellato Giuseppe
1765,Paolucci Emilio
1766,Scellato Giuseppe
1767,Varetto Franco
1768,Cantamessa Marco
1769,Varetto Franco
1770,Paolucci Emilio
1771,Buzzacchi Luigi
1772,Cambini Carlo
1773,Buzzacchi Luigi
1774,Cerquitelli Tania
1775,Neirotti Paolo
1776,Buzzacchi Luigi
1777,Caviggioli Federico
1778,Cerquitelli Tania
1779,Paolucci Emilio
1780,Montagna Francesca
1781,Genta Gianfranco
1782,Franceschini Fiorenzo
1783,Buzzacchi Luigi
1784,Galetto Maurizio
1785,Buzzacchi Luigi
1786,Rondi Laura
1787,Buzzacchi Luigi
1788,Varetto Franco
1789,Calcagno Riccardo
1790,Paolucci Emilio
1791,Franceschini Fiorenzo
1792,Buzzacchi Luigi
1793,Lombardi Franco
1794,Chiabert Paolo
1795,Caviggioli Federico
1796,Mastrogiacomo Luca
1797,Varetto Franco
1798,Colombelli Alessandra
1799,Cerquitelli Tania
1800,Zenezini Giovanni
1801,Rondi Laura
1802,Paolucci Emilio
1803,Cagliano Anna Corinna
1804,Cagliano Anna Corinna
1805,Paolucci Emilio
1806,Rondi Laura
1807,Paolucci Emilio
1808,Torchiano Marco
1809,Cambini Carlo
1810,Fontana Roberto
1811,Varetto Franco
1812,Cagliano Anna Corinna
1813,Varetto Franco
1814,De Marco Alberto
1815,Varetto Franco
1816,Scellato Giuseppe
1817,Cerquitelli Tania
1818,Cerquitelli Tania
1819,Cerquitelli Tania
1820,De Marco Alberto
1821,De Marco Alberto
1822,Mangano Giulio
1823,Cagliano Anna Corinna
1824,Norese Maria Franca
1825,Paolucci Emilio
1826,Paolucci Emilio
1827,Varetto Franco
1828,Paolucci Emilio
1829,Varetto Franco
1830,Zotteri Giulio
1831,Varetto Franco
1832,Galetto Maurizio
1833,Settineri Luca
1834,Galetto Maurizio
1835,Ardito Luca
1836,Raguseo Elisabetta
1837,Cagliano Anna Corinna
1838,Scellato Giuseppe
1839,Torchiano Marco
1840,Cambini Carlo
1841,Rondi Laura
1842,De Marco Alberto
1843,Cambini Carlo
1844,Varetto Franco
1845,Paolucci Emilio
1846,Demartini Claudio Giovanni
1847,Cantamessa Marco
1848,Cantamessa Marco
1849,Landoni Paolo
1850,Colombelli Alessandra
1851,Landoni Paolo
1852,Paolucci Emilio
1853,Lombardi Franco
1854,Cambini Carlo
1855,Buzzacchi Luigi
1856,Paolucci Emilio
1857,Guelfi Silvano
1858,Rondi Laura
1859,Calcagno Riccardo
1860,Cagliano Anna Corinna
1861,Paolucci Emilio
1862,Rondi Laura
1863,Cagliano Anna Corinna
1864,Franceschini Fiorenzo
1865,Rondi Laura
1866,Varetto Franco
1867,Rafele Carlo
1868,Cambini Carlo
1869,Cambini Carlo
1870,Scellato Giuseppe
1871,Torchiano Marco
1872,Cambini Carlo
1873,Buzzacchi Luigi
1874,Cambini Carlo
1875,Cambini Carlo
1876,Paolucci Emilio
1877,Varetto Franco
1878,Cerquitelli Tania
1879,Colombelli Alessandra
1880,Dalla Chiara Bruno
1881,Cambini Carlo
1882,Cambini Carlo
1883,Cambini Carlo
1884,Buzzacchi Luigi
1885,Mangano Giulio
1886,Rafele Carlo
1887,Perboli Guido
1888,Franceschini Fiorenzo
1889,Paolucci Emilio
1890,Cambini Carlo
1891,Calcagno Riccardo
1892,Lombardi Franco
1893,Scellato Giuseppe
1894,Bruno Giulia
1895,Varetto Franco
1896,Bruno Giulia
1897,Buzzacchi Luigi
1898,Cagliano Anna Corinna
1899,Colombelli Alessandra
1900,Paolucci Emilio
1901,De Marco Alberto
1902,Rafele Carlo
1903,De Marco Alberto
1904,Mangano Giulio
1905,Rafele Carlo
1906,Mangano Giulio
1907,Mangano Giulio
1908,Cambini Carlo
1909,Demartini Claudio Giovanni
1910,Mastrogiacomo Luca
1911,Rondi Laura
1912,Benfratello Luigi
1913,Abrardi Laura
1914,Varetto Franco
1915,Cantamessa Marco
1916,Rondi Laura
1917,Paolucci Emilio
1918,Paolucci Emilio
1919,Cambini Carlo
1920,Varetto Franco
1921,Buzzacchi Luigi
1922,Mastrogiacomo Luca
1923,Settineri Luca
1924,Buzzacchi Luigi
1925,Mangano Giulio
1926,Taurino Teresa
1927,Cagliano Anna Corinna
1928,Varetto Franco
1929,Raguseo Elisabetta
1930,Rondi Laura
1931,Abrardi Laura
1932,Settineri Luca
1933,Colombelli Alessandra
1934,Varetto Franco
1935,Scellato Giuseppe
1936,Paolucci Emilio
1937,Cagliano Anna Corinna
1938,Chiabert Paolo
1939,Caballini Claudia
1940,Lombardi Franco
1941,De Marco Alberto
1942,Priarone Paolo Claudio
1943,Rondi Laura
1944,Torchiano Marco
1945,Montagna Francesca
1946,Cerquitelli Tania
1947,Rafele Carlo
1948,Bottero Marta Carla
1949,Norese Maria Franca
1950,De Marco Alberto
1951,Cagliano Anna Corinna
1952,Mastrogiacomo Luca
1953,Battaglia Daniele
1954,Colombelli Alessandra
1955,Paolucci Emilio
1956,Varetto Franco
1957,De Marco Alberto
1958,Demartini Claudio Giovanni
1959,Iuliano Luca
1960,Buzzacchi Luigi
1961,Colombelli Alessandra
1962,Rafele Carlo
1963,Cerquitelli Tania
1964,Varetto Franco
1965,Varetto Franco
1966,Buzzacchi Luigi
1967,Caviggioli Federico
1968,Calcagno Riccardo
1969,Calcagno Riccardo
1970,Colombelli Alessandra
1971,Cambini Carlo
1972,Colombelli Alessandra
1973,Galetto Maurizio
1974,Paolucci Emilio
1975,Cagliano Anna Corinna
1976,Rondi Laura
1977,Cantamessa Marco
1978,Rafele Carlo
1979,Ughetto Elisa
1980,Rondi Laura
1981,Paolucci Emilio
1982,Paolucci Emilio
1983,Galetto Maurizio
1984,Franceschini Fiorenzo
1985,Paolucci Emilio
1986,Cagliano Anna Corinna
1987,Paolucci Emilio
1988,Calcagno Riccardo
1989,Zotteri Giulio
1990,Cagliano Anna Corinna
1991,Manco' Salvatore
1992,Montagna Francesca
1993,Mangano Giulio
1994,Cerquitelli Tania
1995,De Marco Alberto
1996,D'Ambrosio Anna
1997,Ughetto Elisa
1998,Rondi Laura
1999,Varetto Franco
2000,Buzzacchi Luigi
2001,Buzzacchi Luigi
2002,Buzzacchi Luigi
2003,Galetto Maurizio
2004,Raguseo Elisabetta
2005,Paolucci Emilio
2006,Paolucci Emilio
2007,Cerquitelli Tania
2008,Cambini Carlo
2009,Galetto Maurizio
2010,Cagliano Anna Corinna
2011,Guelfi Silvano
2012,Alfieri Arianna
2013,Settineri Luca
2014,Priarone Paolo Claudio
2015,Rondi Laura
2016,Montagna Francesca
2017,Varetto Franco
2018,Rondi Laura
2019,Montagna Francesca
2020,Colombelli Alessandra
2021,Buzzacchi Luigi
2022,Rondi Laura
2023,Landoni Paolo
2024,Franceschini Fiorenzo
2025,Galetto Maurizio
2026,Mastrogiacomo Luca
2027,Papurello Davide
2028,Colombelli Alessandra
2029,Paolucci Emilio
2030,Paolucci Emilio
2031,Colombelli Alessandra
2032,Dalla Chiara Bruno
2033,Zenezini Giovanni
2034,Scellato Giuseppe
2035,Landoni Paolo
2036,Paolucci Emilio
2037,Buzzacchi Luigi
2038,Cambini Carlo
2039,Priarone Paolo Claudio
2040,Cagliano Anna Corinna
2041,Bruno Giulia
2042,Rafele Carlo
2043,Lombardi Franco
2044,Neirotti Paolo
2045,Paolucci Emilio
2046,Cagliano Anna Corinna
2047,Cerquitelli Tania
2048,Paolucci Emilio
2049,Montagna Francesca
2050,Paolucci Emilio
2051,Cambini Carlo
2052,Priarone Paolo Claudio
2053,Caviggioli Federico
2054,Bruno Giulia
2055,Cagliano Anna Corinna
2056,Montagna Francesca
2057,Varetto Franco
2058,Scellato Giuseppe
2059,Montagna Francesca
2060,Cambini Carlo
2061,Cambini Carlo
2062,Galetto Maurizio
2063,Cerquitelli Tania
2064,Cagliano Anna Corinna
2065,Alfieri Arianna
2066,Buzzacchi Luigi
2067,Chiabert Paolo
2068,Perboli Guido
2069,Raguseo Elisabetta
2070,Abrardi Laura
2071,Guelfi Silvano
2072,Galetto Maurizio
2073,Cerquitelli Tania
2074,Cerquitelli Tania
2075,Cerquitelli Tania
2076,Galetto Maurizio
2077,Franceschini Fiorenzo
2078,Franceschini Fiorenzo
2079,Cantamessa Marco
2080,Rafele Carlo
2081,Paolucci Emilio
2082,Ughetto Elisa
2083,Lombardi Franco
2084,Cambini Carlo
2085,Galetto Maurizio
2086,Rondi Laura
2087,Paolucci Emilio
2088,Cambini Carlo
2089,Paolucci Emilio
2090,Zotteri Giulio
2091,Varetto Franco
2092,Varetto Franco
2093,Rafele Carlo
2094,Bruno Giulia
2095,Bazzanella Danilo
2096,Rafele Carlo
2097,Varetto Franco
2098,Atzeni Eleonora
2099,Dalla Chiara Bruno
2100,Mastrogiacomo Luca
2101,Varetto Franco
2102,Montagna Francesca
2103,Rondi Laura
2104,Mangano Giulio
2105,Perboli Guido
2106,Varetto Franco
2107,Cantamessa Marco
2108,Perboli Guido
2109,Montagna Francesca
2110,Galetto Maurizio
2111,Montagna Francesca
2112,Lombardi Franco
2113,Lombardi Franco
2114,Montagna Francesca
2115,Cerquitelli Tania
2116,Colombelli Alessandra
2117,Galetto Maurizio
2118,Paolucci Emilio
2119,Rondi Laura
2120,Buzzacchi Luigi
2121,Buzzacchi Luigi
2122,Cagliano Anna Corinna
2123,Perboli Guido
2124,Rafele Carlo
2125,Mangano Giulio
2126,Rafele Carlo
2127,Perboli Guido
2128,Scellato Giuseppe
2129,Mastrogiacomo Luca
2130,Scellato Giuseppe
2131,Varetto Franco
2132,Mangano Giulio
2133,Cambini Carlo
2134,Varetto Franco
2135,Villa Agostino
2136,Perboli Guido
2137,Mastrogiacomo Luca
2138,Mastrogiacomo Luca
